abc,def,ghi
1,2,3
4,2,4
7,6,5
10,7.333333333,6
13,9.333333333,7
16,11.33333333,8
19,13.33333333,9
